employer,employer_display,filing_count,quarters_present,quarters,repeat_sponsor,soc_codes,soc_titles,worksite_states,worksite_cities,wage_annual_min,wage_annual_median,wage_annual_max
MASSACHUSETTS INSTITUTE OF TECHNOLOGY,Massachusetts Institute of Technology,2,1,FY2026Q1,no,17-2041,Chemical Engineers,MA,Cambridge,71000,72500,74000
NORTH CAROLINA STATE UNIVERSITY,North Carolina State University,2,1,FY2026Q1,no,17-2041,Chemical Engineers,NC,Raleigh,59904,61952,64000
RENSSELAER POLYTECHNIC INSTITUTE,Rensselaer Polytechnic Institute,2,1,FY2026Q1,no,17-2041,Chemical Engineers,NY,Troy,62500,62750,63000
BLACK VEATCH CORPORATION,Black & Veatch Corporation,1,1,FY2026Q1,no,17-2041,Chemical Engineers,FL,Tampa,71448,71448,71448
CAMBREX CHARLES CITY,"Cambrex Charles City, Inc.",1,1,FY2026Q1,no,17-2041,Chemical Engineers,IA,Charles City,82514,82514,82514
ENVISION ENERGY USA,ENVISION ENERGY USA LTD.,1,1,FY2026Q1,no,17-2041,Chemical Engineers,MA,Burlington,89440,89440,89440
INNOVATION LABS,Innovation Labs Inc.,1,1,FY2026Q1,no,17-2041,Chemical Engineers,NJ,Mahwah,90000,90000,90000
KLA CORPORATION,KLA Corporation,1,1,FY2026Q1,no,17-2041,Chemical Engineers,CA,Milpitas,115000,115000,115000
PROCEDYNE,Procedyne Corp.,1,1,FY2026Q1,no,17-2041,Chemical Engineers,NJ,New Brunswick,83000,83000,83000
SCHLUMBERGER TECHNOLOGY CORPORATION,Schlumberger Technology Corporation,1,1,FY2026Q1,no,17-2041,Chemical Engineers,TX,Sugar Land,123630,123630,123630
TEXAS A M ENGINEERING EXPERIMENT STATION,Texas A&M Engineering Experiment Station,1,1,FY2026Q1,no,17-2041,Chemical Engineers,CA,Fremont,51792,51792,51792
UNIVERSITY OF MARYLAND COLLEGE PARK,University of Maryland College Park,1,1,FY2026Q1,no,17-2041,Chemical Engineers,MD,College Park,55448,55448,55448
UNIVERSITY OF MICHIGAN,University of Michigan,1,1,FY2026Q1,no,17-2041,Chemical Engineers,MI,Ann Arbor,62232,62232,62232
WASHINGTON UNIVERSITY,Washington University,1,1,FY2026Q1,no,17-2041,Chemical Engineers,MO,St Louis,63120,63120,63120
